pair_id,run_id,scenario_id,scenario,traffic_mode,cold_chain_required,facility_id,retail_id,trip_leg,units_per_case_policy,case_geometry_policy,load_assignment_policy,artifact_mode,packaging_source_type,packaging_confidence_level,packaging_rationale,product_type,origin_network,route_id,route_plan_id,route_completed,charger_levels_used,charger_types_used,connector_types_used,station_ids_used,max_charge_rate_kw_min,max_charge_rate_kw_max,soc_min_observed,soc_max_observed,leg,distance_miles,duration_minutes,co2_kg_total,co2_kg_total_transport,co2_kg_upstream,co2_kg_full,co2_kg_propulsion,co2_kg_tru,kcal_delivered,mass_required_for_fu_kg,protein_kg_delivered,protein_per_1000kcal,co2_per_1000kcal,co2_per_kg_protein,co2_g_per_g_protein,co2_full_per_1000kcal,co2_full_per_kg_protein,co2_full_g_per_g_protein,transport_cost_usd,transport_cost_total,transport_cost_per_1000kcal,transport_cost_per_kcal,transport_cost_per_kg_protein,base_price_per_kcal,delivered_price_per_kcal,price_index,price_index_vs_dry_baseline,energy_kwh_propulsion,energy_kwh_tru,energy_kwh_total,diesel_gal_propulsion,diesel_gal_tru,charge_stops,refuel_stops,delay_minutes,congestion_delay_hours,traffic_state_id,driving_time_h,traffic_delay_time_h,charging_or_refueling_time_h,rest_time_h,trip_duration_total_h,payload_max_lb_draw,units_per_truck,units_per_truck_capacity,cases_per_truck_capacity,assigned_units,assigned_cases,actual_units_loaded,load_fraction,unused_capacity_units,cases_per_pallet_draw,units_per_case_draw,cube_limit_units,weight_limit_units,limiting_constraint,payload_utilization_pct,cube_utilization_pct,cases_per_layer,layers,packing_efficiency_draw,chosen_pack_pattern,pack_pattern_index,derived_case_L_in,derived_case_W_in,derived_case_H_in,product_mass_lb_per_truck,kcal_per_truck,protein_kg_per_truck,kcal_per_kg_product,protein_g_per_kg_product,delivery_time_min,driver_driving_min,driver_on_duty_min,driver_off_duty_min,time_charging_min,time_refuel_min,time_load_unload_min,time_traffic_delay_min,num_break_30min,num_rest_10hr,sanity_flag_low_cube_util,sanity_flag_high_cube_util,sanity_flag_unrealistic_case_dims,truckloads_per_1e6_kcal,truckloads_per_1000kg_product,trucker_hours_per_1000kcal,fuel_type_outbound,fuel_type_return,status,source_summary_csv,powertrain,status_norm,total_trip_time_h
DISTRIBUTION_DAVIS_diesel_seed_4600,DISTRIBUTION_DAVIS_diesel_dry_factory_set_stochastic_4600,distribution_davis_prod_diesel_chunk_1,DISTRIBUTION_DAVIS,stochastic,FALSE,FACILITY_DRY_TOPEKA,,outbound,fixed_2,fixed_carton_dims_24x16x6,full_truckload,summary_only,measured_primary,medium,Primary package mass measured at 165.3 g for a 13.6 kg bag (fraction 0.0121). Primary packaging only; pallet and secondary shipping packaging remain separate assumptions.,dry,dry_factory_set,6b88a97d8f305b6b031d969855c6487a8bff10cadafd6ed6940f2fa0c11c1138,,TRUE,,,,,,,,,outbound,1712.2245075939,4035.14176779985,3733.74786370398,3733.74786370398,,,3733.74786370398,0,,,,,0.0698641256502055,,,,,,,,,,,,,,,0,0,0,230.963044352238,0,0,1,63.3414892826916,0.574914875357216,stochastic_tm0.9870_qd10.58,34.6970191696715,0.398564119204377,0.657127368840483,0,35.7527106577164,42668.6855262389,1196,1196,598,1196,598,1196,1,0,23,2,1196,1348,cube,88.9768483363025,100,2,13,0.885796337831366,2x3,3,24,16,6,35880,53442991.3629499,2266.86547936163,3283.76888901973,139.286034461781,4213.93599188606,2105.73499733257,2413.93599188606,1800,0,39.427642130429,153.773352423057,23.9138471522626,3,3,0,0,0,0.0187115274519095,0.0614443317126192,,,,OK,outputs/distribution/local_chunked_run/phase2/chunk_01/diesel/pair_DISTRIBUTION_DAVIS_diesel_seed_4600/summaries.csv,diesel,ok,35.7527106577164
DISTRIBUTION_DAVIS_diesel_seed_4600,DISTRIBUTION_DAVIS_diesel_refrigerated_factory_set_stochastic_4600,distribution_davis_prod_diesel_chunk_1,DISTRIBUTION_DAVIS,stochastic,TRUE,FACILITY_REFRIG_ENNIS,,outbound,discrete_4_5_6_centered_5,derived_from_unit_dims_and_pack_pattern,full_truckload,summary_only,measured_primary_excludes_secondary,medium,Primary package mass measured at 29 g/package (sensitivity 27-31 g/package). Secondary cardboard box mass is unmeasured and kept separate (not added to measured primary assumption).,refrigerated,refrigerated_factory_set,77d76aed2cedb894eabb52e1f4bb2f347c5c2d411a5b10d914f2b3b710d3b42f,,TRUE,,,,,,,,,outbound,1787.16634525737,4130.91288753351,4197.78962635093,4197.78962635093,,,3836.67315985621,361.116466494718,,,,,0.568272294502744,,,,,,,,,,,,,,,0,0,0,241.071996127745,35.438318596145,0,1,68.1585821125801,0.54666702873098,stochastic_tm0.9870_qd10.58,36.2156625289319,0.37031627257814,0.765660095964861,0,37.3516388974749,42668.6855262389,1716,1716,286,1716,286,1716,1,0,11,6,1716,8910,cube,21.2910465309394,100,2,6,0.91786045610576,2x3,3,17.8976,23.4864,11.1456,7722,7386933.45946792,774.736853829326,2108.96148806457,221.186531200736,4309.87168627155,2195.1587280906,2509.87168627155,1800,0,45.9396057578916,153.773352423057,22.2189763546884,3,3,0,0,0,0.135374171905974,0.285498915028331,,,,OK,outputs/distribution/local_chunked_run/phase2/chunk_01/diesel/pair_DISTRIBUTION_DAVIS_diesel_seed_4600/summaries.csv,diesel,ok,37.3516388974749
DISTRIBUTION_DAVIS_diesel_seed_4601,DISTRIBUTION_DAVIS_diesel_dry_factory_set_stochastic_4601,distribution_davis_prod_diesel_chunk_1,DISTRIBUTION_DAVIS,stochastic,FALSE,FACILITY_DRY_TOPEKA,,outbound,fixed_2,fixed_carton_dims_24x16x6,full_truckload,summary_only,measured_primary,medium,Primary package mass measured at 165.3 g for a 13.6 kg bag (fraction 0.0121). Primary packaging only; pallet and secondary shipping packaging remain separate assumptions.,dry,dry_factory_set,6b88a97d8f305b6b031d969855c6487a8bff10cadafd6ed6940f2fa0c11c1138,,TRUE,,,,,,,,,outbound,1712.2245075939,4124.02927671671,3838.94626906609,3838.94626906609,,,3838.94626906609,0,,,,,0.0702350211880467,,,,,,,,,,,,,,,0,0,0,241.307155499123,0,0,1,52.8409188171514,0.426032651603155,stochastic_tm0.9420_qd25.56,36.3535037681369,0,0.880681980285857,0,37.2341857484228,42180.7273121148,1196,1196,598,1196,598,1196,1,0,23,2,1196,1334,cube,89.9388120388154,100,2,13,0.908922355119669,2x3,3,24,16,6,35880,54658576.3644568,1928.44699553304,3358.45969707721,118.492136883736,4272.13409413438,2181.21022608821,2472.13409413438,1800,0,52.8409188171514,123.082949229015,0,3,3,0,0,0,0.0182953905226532,0.0614443317126192,,,,OK,outputs/distribution/local_chunked_run/phase2/chunk_01/diesel/pair_DISTRIBUTION_DAVIS_diesel_seed_4601/summaries.csv,diesel,ok,37.2341857484228
DISTRIBUTION_DAVIS_diesel_seed_4601,DISTRIBUTION_DAVIS_diesel_refrigerated_factory_set_stochastic_4601,distribution_davis_prod_diesel_chunk_1,DISTRIBUTION_DAVIS,stochastic,TRUE,FACILITY_REFRIG_ENNIS,,outbound,discrete_4_5_6_centered_5,derived_from_unit_dims_and_pack_pattern,full_truckload,summary_only,measured_primary_excludes_secondary,medium,Primary package mass measured at 29 g/package (sensitivity 27-31 g/package). Secondary cardboard box mass is unmeasured and kept separate (not added to measured primary assumption).,refrigerated,refrigerated_factory_set,77d76aed2cedb894eabb52e1f4bb2f347c5c2d411a5b10d914f2b3b710d3b42f,,TRUE,,,,,,,,,outbound,1787.16634525737,4229.58475538492,4326.20715800971,4326.20715800971,,,3946.86249791547,379.344660094239,,,,,0.606714564918572,,,,,,,,,,,,,,,0,0,0,251.868855553203,37.2271501564514,0,1,63.1000969246343,0.426032651603155,stochastic_tm0.9420_qd25.56,37.944649301802,0,1.05166828207724,0,38.9963175838792,42180.7273121148,1716,1716,286,1716,286,1716,1,0,11,6,1716,8883,cube,21.6777245681956,100,2,6,0.944503848068847,2x3,3,17.8976,23.4864,11.1456,7722,7130547.72072323,756.951367509924,2035.76363782422,216.108794153295,4377.86200426178,2276.67895810813,2577.86200426178,1800,0,63.1000969246343,123.082949229015,0,3,3,0,0,0,0.140241681167597,0.285498915028331,,,,OK,outputs/distribution/local_chunked_run/phase2/chunk_01/diesel/pair_DISTRIBUTION_DAVIS_diesel_seed_4601/summaries.csv,diesel,ok,38.9963175838792
DISTRIBUTION_DAVIS_diesel_seed_4602,DISTRIBUTION_DAVIS_diesel_dry_factory_set_stochastic_4602,distribution_davis_prod_diesel_chunk_2,DISTRIBUTION_DAVIS,stochastic,FALSE,FACILITY_DRY_TOPEKA,,outbound,fixed_2,fixed_carton_dims_24x16x6,full_truckload,summary_only,measured_primary,medium,Primary package mass measured at 165.3 g for a 13.6 kg bag (fraction 0.0121). Primary packaging only; pallet and secondary shipping packaging remain separate assumptions.,dry,dry_factory_set,6b88a97d8f305b6b031d969855c6487a8bff10cadafd6ed6940f2fa0c11c1138,,TRUE,,,,,,,,,outbound,1712.2245075939,4107.47190866868,4021.03104688656,4021.03104688656,,,4021.03104688656,0,,,,,0.0830319675464076,,,,,,,,,,,,,,,0,0,0,259.172153999552,0,0,1,59.2557796101466,0.287847278157565,stochastic_tm0.9520_qd17.27,35.9706294491785,0,0.987596326835777,0,36.9582257760143,44223.8400900932,1144,1144,572,1144,572,1144,1,0,22,2,1144,1402,cube,82.0796250806415,100,2,13,0.858247396689643,3x2,2,24,16,6,34320,48427505.2814948,2136.3917632533,3110.850048464,137.235944358963,4258.41536390338,2158.23776695072,2458.41536390338,1800,0,59.2557796101466,125.921817342517,0,3,3,0,0,0,0.0206494221452725,0.0642372558813746,,,,OK,outputs/distribution/local_chunked_run/phase2/chunk_02/diesel/pair_DISTRIBUTION_DAVIS_diesel_seed_4602/summaries.csv,diesel,ok,36.9582257760143
DISTRIBUTION_DAVIS_diesel_seed_4602,DISTRIBUTION_DAVIS_diesel_refrigerated_factory_set_stochastic_4602,distribution_davis_prod_diesel_chunk_2,DISTRIBUTION_DAVIS,stochastic,TRUE,FACILITY_REFRIG_ENNIS,,outbound,discrete_4_5_6_centered_5,derived_from_unit_dims_and_pack_pattern,full_truckload,summary_only,measured_primary_excludes_secondary,medium,Primary package mass measured at 29 g/package (sensitivity 27-31 g/package). Secondary cardboard box mass is unmeasured and kept separate (not added to measured primary assumption).,refrigerated,refrigerated_factory_set,77d76aed2cedb894eabb52e1f4bb2f347c5c2d411a5b10d914f2b3b710d3b42f,,TRUE,,,,,,,,,outbound,1787.16634525737,4235.4368558685,4436.07225065688,4436.07225065688,,,4137.9481754372,298.124075219685,,,,,0.908366776598615,,,,,,,,,,,,,,,0,0,0,270.515781780714,29.256533387604,0,1,92.9280850441104,1.06595623300501,stochastic_tm0.9520_qd17.27,37.5450170723421,0.778108954847448,0.770692462554392,0,39.0938184897439,44223.8400900932,1144,1144,286,1144,286,1144,1,0,11,4,1144,8991,cube,15.0265059307149,100,2,6,0.932225574581033,3x2,2,23.4864,17.8976,11.1456,5148,4883569.4621811,542.667344845605,2091.3806743773,232.396407262089,4386.55092672716,2299.38756163137,2586.55092672716,1800,0,46.2415477532635,125.921817342517,46.6865372908469,3,3,0,0,0,0.204768255626158,0.428248372542497,,,,OK,outputs/distribution/local_chunked_run/phase2/chunk_02/diesel/pair_DISTRIBUTION_DAVIS_diesel_seed_4602/summaries.csv,diesel,ok,39.0938184897439
DISTRIBUTION_DAVIS_diesel_seed_4603,DISTRIBUTION_DAVIS_diesel_dry_factory_set_stochastic_4603,distribution_davis_prod_diesel_chunk_2,DISTRIBUTION_DAVIS,stochastic,FALSE,FACILITY_DRY_TOPEKA,,outbound,fixed_2,fixed_carton_dims_24x16x6,full_truckload,summary_only,measured_primary,medium,Primary package mass measured at 165.3 g for a 13.6 kg bag (fraction 0.0121). Primary packaging only; pallet and secondary shipping packaging remain separate assumptions.,dry,dry_factory_set,6b88a97d8f305b6b031d969855c6487a8bff10cadafd6ed6940f2fa0c11c1138,,TRUE,,,,,,,,,outbound,1712.2245075939,3976.83305821816,4083.73821809774,4083.73821809774,,,4083.73821809774,0,,,,,0.0721092954658209,,,,,,,,,,,,,,,0,0,0,265.332048843316,0,0,1,42.9723522991761,0.179221849779521,stochastic_tm1.0053_qd10.75,34.0646866197051,0,0.716205871652934,0,34.780892491358,43441.1062667322,1248,1248,624,1248,624,1248,1,0,24,2,1248,1381,cube,90.5658114149466,100,2,13,0.92537327606374,5x1,1,24,16,6,37440,56632618.4678006,2290.64698252502,3334.76367010267,134.882803321162,4093.84070134419,2043.8811971823,2293.84070134419,1800,0,42.9723522991761,91.9871518627123,0,3,3,0,0,0,0.0176576684436473,0.0588841512245934,,,,OK,outputs/distribution/local_chunked_run/phase2/chunk_02/diesel/pair_DISTRIBUTION_DAVIS_diesel_seed_4603/summaries.csv,diesel,ok,34.780892491358
DISTRIBUTION_DAVIS_diesel_seed_4603,DISTRIBUTION_DAVIS_diesel_refrigerated_factory_set_stochastic_4603,distribution_davis_prod_diesel_chunk_2,DISTRIBUTION_DAVIS,stochastic,TRUE,FACILITY_REFRIG_ENNIS,,outbound,discrete_4_5_6_centered_5,derived_from_unit_dims_and_pack_pattern,full_truckload,summary_only,measured_primary_excludes_secondary,medium,Primary package mass measured at 29 g/package (sensitivity 27-31 g/package). Secondary cardboard box mass is unmeasured and kept separate (not added to measured primary assumption).,refrigerated,refrigerated_factory_set,77d76aed2cedb894eabb52e1f4bb2f347c5c2d411a5b10d914f2b3b710d3b42f,,TRUE,,,,,,,,,outbound,1787.16634525737,4113.9475992163,5942.22497669434,5942.22497669434,,,5582.58235863479,359.642618059544,,,,,0.470149141835279,,,,,,,,,,,,,,,0,0,0,276.945287202621,35.2936818507894,0,2,90.7904496127059,0.179221849779521,stochastic_tm1.0053_qd10.75,35.5556536064459,0,1.51317416021176,0,37.0688277666576,43441.1062667322,2860,2860,572,2860,572,2860,1,0,22,5,2860,8951,cube,33.5100533263008,100,4,6,0.944826089251158,5x1,1,39.144,8.9488,11.1456,12870,12639021.2124991,1299.02786537928,2165.05610591314,222.522627694412,4231.11681786216,2133.33921638674,2431.11681786216,1800,0,90.7904496127059,91.9871518627123,0,3,3,0,0,0,0.0791200507687311,0.171299349016999,,,,OK,outputs/distribution/local_chunked_run/phase2/chunk_02/diesel/pair_DISTRIBUTION_DAVIS_diesel_seed_4603/summaries.csv,diesel,ok,37.0688277666576
DISTRIBUTION_DAVIS_diesel_seed_4604,DISTRIBUTION_DAVIS_diesel_dry_factory_set_stochastic_4604,distribution_davis_prod_diesel_chunk_3,DISTRIBUTION_DAVIS,stochastic,FALSE,FACILITY_DRY_TOPEKA,,outbound,fixed_2,fixed_carton_dims_24x16x6,full_truckload,summary_only,measured_primary,medium,Primary package mass measured at 165.3 g for a 13.6 kg bag (fraction 0.0121). Primary packaging only; pallet and secondary shipping packaging remain separate assumptions.,dry,dry_factory_set,6b88a97d8f305b6b031d969855c6487a8bff10cadafd6ed6940f2fa0c11c1138,,TRUE,,,,,,,,,outbound,1712.2245075939,3973.38735458454,3999.90177460227,3999.90177460227,,,3999.90177460227,0,,,,,0.0733090308828136,,,,,,,,,,,,,,,0,0,0,257.098169100283,0,0,1,37.3308487791497,0.153865769143817,stochastic_tm1.0042_qd9.23,34.1012836536346,0,0.622180812985829,0,34.7234644666204,40234.8363374441,1248,1248,624,1248,624,1248,1,0,24,2,1248,1268,cube,98.4181225092911,100,2,13,0.930992967600021,3x2,2,24,16,6,37440,54562196.8594322,2156.82873758807,3212.84865101684,127.003029549685,4051.08445304501,2046.07701921807,2251.08445304501,1800,0,37.3308487791497,52.6765850477948,0,3,3,0,0,0,0.0183277077823,0.0588841512245934,,,,OK,outputs/distribution/local_chunked_run/phase2/chunk_03/diesel/pair_DISTRIBUTION_DAVIS_diesel_seed_4604/summaries.csv,diesel,ok,34.7234644666204
DISTRIBUTION_DAVIS_diesel_seed_4604,DISTRIBUTION_DAVIS_diesel_refrigerated_factory_set_stochastic_4604,distribution_davis_prod_diesel_chunk_3,DISTRIBUTION_DAVIS,stochastic,TRUE,FACILITY_REFRIG_ENNIS,,outbound,discrete_4_5_6_centered_5,derived_from_unit_dims_and_pack_pattern,full_truckload,summary_only,measured_primary_excludes_secondary,medium,Primary package mass measured at 29 g/package (sensitivity 27-31 g/package). Secondary cardboard box mass is unmeasured and kept separate (not added to measured primary assumption).,refrigerated,refrigerated_factory_set,77d76aed2cedb894eabb52e1f4bb2f347c5c2d411a5b10d914f2b3b710d3b42f,,TRUE,,,,,,,,,outbound,1787.16634525737,4069.49160086711,4436.26348093814,4436.26348093814,,,4115.01724141731,321.246239520829,,,,,1.06578641955276,,,,,,,,,,,,,,,0,0,0,268.351021262387,31.5256368518969,0,1,44.0427163646838,0.153865769143817,stochastic_tm1.0042_qd9.23,35.5938524449072,0,0.734045272744729,0,36.327897717652,40234.8363374441,1144,1144,286,1144,286,1144,1,0,11,4,1144,8257,cube,16.2353441283061,100,2,6,0.941392410571027,3x2,2,23.4864,17.8976,11.1456,5148,4162431.984074,434.658301177672,1782.55472299853,186.141710091425,4147.3504481069,2135.63114669442,2347.3504481069,1800,0,44.0427163646838,52.6765850477948,0,3,3,0,0,0,0.240244165868927,0.428248372542497,,,,OK,outputs/distribution/local_chunked_run/phase2/chunk_03/diesel/pair_DISTRIBUTION_DAVIS_diesel_seed_4604/summaries.csv,diesel,ok,36.327897717652
DISTRIBUTION_DAVIS_diesel_seed_4605,DISTRIBUTION_DAVIS_diesel_dry_factory_set_stochastic_4605,distribution_davis_prod_diesel_chunk_3,DISTRIBUTION_DAVIS,stochastic,FALSE,FACILITY_DRY_TOPEKA,,outbound,fixed_2,fixed_carton_dims_24x16x6,full_truckload,summary_only,measured_primary,medium,Primary package mass measured at 165.3 g for a 13.6 kg bag (fraction 0.0121). Primary packaging only; pallet and secondary shipping packaging remain separate assumptions.,dry,dry_factory_set,6b88a97d8f305b6b031d969855c6487a8bff10cadafd6ed6940f2fa0c11c1138,,TRUE,,,,,,,,,outbound,1712.2245075939,3964.01572791735,3807.31268647189,3807.31268647189,,,3807.31268647189,0,,,,,0.0713832649832431,,,,,,,,,,,,,,,0,0,0,238.196836604748,0,0,1,80.3413917672917,0.671992254824801,stochastic_tm1.0306_qd20.70,33.2282387403932,0.327003298434892,1.01201989768664,0,34.5672619365147,42774.2848829914,1196,1196,598,1196,598,1196,1,0,23,2,1196,1357,cube,88.3989163543018,100,2,13,0.901031420318583,3x2,2,24,16,6,35880,53336208.2466477,2275.55219574901,3277.20767180036,139.819783944981,4138.32654629159,2013.3145223297,2338.32654629159,1800,0,60.7211938611981,149.290830100696,19.6201979060935,3,3,0,0,0,0.018748989342767,0.0614443317126192,,,,OK,outputs/distribution/local_chunked_run/phase2/chunk_03/diesel/pair_DISTRIBUTION_DAVIS_diesel_seed_4605/summaries.csv,diesel,ok,34.5672619365147
DISTRIBUTION_DAVIS_diesel_seed_4605,DISTRIBUTION_DAVIS_diesel_refrigerated_factory_set_stochastic_4605,distribution_davis_prod_diesel_chunk_3,DISTRIBUTION_DAVIS,stochastic,TRUE,FACILITY_REFRIG_ENNIS,,outbound,discrete_4_5_6_centered_5,derived_from_unit_dims_and_pack_pattern,full_truckload,summary_only,measured_primary_excludes_secondary,medium,Primary package mass measured at 29 g/package (sensitivity 27-31 g/package). Secondary cardboard box mass is unmeasured and kept separate (not added to measured primary assumption).,refrigerated,refrigerated_factory_set,77d76aed2cedb894eabb52e1f4bb2f347c5c2d411a5b10d914f2b3b710d3b42f,,TRUE,,,,,,,,,outbound,1787.16634525737,4049.2871892333,4230.43572520065,4230.43572520065,,,3913.65120027979,316.784524920856,,,,,0.672488644725545,,,,,,,,,,,,,,,0,0,0,248.622402049942,31.0877845849712,0,1,78.5090557819347,0.569614841812432,stochastic_tm1.0306_qd20.70,34.6825954923739,0.224625885422524,1.08385837760972,0,35.9910797554062,42774.2848829914,1430,1430,286,1430,286,1430,1,0,11,5,1430,8694,cube,18.4285335150911,100,2,6,0.942661224332344,3x2,2,23.4864,17.8976,11.1456,6435,6290716.96359597,735.905757051289,2155.19144142836,252.120354241495,4223.75561542506,2094.43328266778,2423.75561542506,1800,0,65.0315026565833,149.290830100696,13.4775531253514,3,3,0,0,0,0.158964392419329,0.342598698033998,,,,OK,outputs/distribution/local_chunked_run/phase2/chunk_03/diesel/pair_DISTRIBUTION_DAVIS_diesel_seed_4605/summaries.csv,diesel,ok,35.9910797554062
DISTRIBUTION_DAVIS_diesel_seed_4606,DISTRIBUTION_DAVIS_diesel_dry_factory_set_stochastic_4606,distribution_davis_prod_diesel_chunk_4,DISTRIBUTION_DAVIS,stochastic,FALSE,FACILITY_DRY_TOPEKA,,outbound,fixed_2,fixed_carton_dims_24x16x6,full_truckload,summary_only,measured_primary,medium,Primary package mass measured at 165.3 g for a 13.6 kg bag (fraction 0.0121). Primary packaging only; pallet and secondary shipping packaging remain separate assumptions.,dry,dry_factory_set,6b88a97d8f305b6b031d969855c6487a8bff10cadafd6ed6940f2fa0c11c1138,,TRUE,,,,,,,,,outbound,1712.2245075939,4015.54474234978,3892.56819447965,3892.56819447965,,,3892.56819447965,0,,,,,0.0760858785873998,,,,,,,,,,,,,,,0,0,0,246.555143407128,0,0,1,63.9930178382304,0.546449430890441,stochastic_tm0.9967_qd13.47,34.359539888595,0.321962129207403,0.744588168096438,0,35.4260901858988,40743.3493254314,1248,1248,624,1248,624,1248,1,0,24,2,1248,1296,cube,96.3659318682757,100,2,13,0.96148995385907,3x2,2,24,16,6,37440,51160192.492333,2929.03448910335,3012.52451139784,172.473709798411,4194.78540407891,2080.89012106815,2394.78540407891,1800,0,44.6752900857863,154.219992924979,19.3177277524442,3,3,0,0,0,0.0195464471747221,0.0588841512245934,,,,OK,outputs/distribution/local_chunked_run/phase2/chunk_04/diesel/pair_DISTRIBUTION_DAVIS_diesel_seed_4606/summaries.csv,diesel,ok,35.4260901858988
DISTRIBUTION_DAVIS_diesel_seed_4606,DISTRIBUTION_DAVIS_diesel_refrigerated_factory_set_stochastic_4606,distribution_davis_prod_diesel_chunk_4,DISTRIBUTION_DAVIS,stochastic,TRUE,FACILITY_REFRIG_ENNIS,,outbound,discrete_4_5_6_centered_5,derived_from_unit_dims_and_pack_pattern,full_truckload,summary_only,measured_primary_excludes_secondary,medium,Primary package mass measured at 29 g/package (sensitivity 27-31 g/package). Secondary cardboard box mass is unmeasured and kept separate (not added to measured primary assumption).,refrigerated,refrigerated_factory_set,77d76aed2cedb894eabb52e1f4bb2f347c5c2d411a5b10d914f2b3b710d3b42f,,TRUE,,,,,,,,,outbound,1787.16634525737,4112.60612476667,4354.18331056435,4354.18331056435,,,4004.18266038379,350.000650180563,,,,,0.676509431099775,,,,,,,,,,,,,,,0,0,0,257.346541059927,34.3474632169346,0,1,70.98503408686,0.567198663549396,stochastic_tm0.9967_qd13.47,35.8634122190648,0.342711361866358,0.840372539581309,0,37.0464961205124,40743.3493254314,1300,1300,260,1300,260,1300,1,0,10,5,1300,8436,cube,17.7664133500889,100,2,6,0.900877514284719,3x2,2,23.4864,17.8976,11.1456,5850,6436249.23821967,680.90699291076,2425.55567016001,256.605634178818,4292.00976015573,2172.36741485587,2492.00976015573,1800,0,50.4223523748785,154.219992924979,20.5626817119815,3,3,0,0,0,0.155369993141628,0.376858567837398,,,,OK,outputs/distribution/local_chunked_run/phase2/chunk_04/diesel/pair_DISTRIBUTION_DAVIS_diesel_seed_4606/summaries.csv,diesel,ok,37.0464961205124
DISTRIBUTION_DAVIS_diesel_seed_4607,DISTRIBUTION_DAVIS_diesel_dry_factory_set_stochastic_4607,distribution_davis_prod_diesel_chunk_4,DISTRIBUTION_DAVIS,stochastic,FALSE,FACILITY_DRY_TOPEKA,,outbound,fixed_2,fixed_carton_dims_24x16x6,full_truckload,summary_only,measured_primary,medium,Primary package mass measured at 165.3 g for a 13.6 kg bag (fraction 0.0121). Primary packaging only; pallet and secondary shipping packaging remain separate assumptions.,dry,dry_factory_set,6b88a97d8f305b6b031d969855c6487a8bff10cadafd6ed6940f2fa0c11c1138,,TRUE,,,,,,,,,outbound,1712.2245075939,4053.70716571808,3806.65776648018,3806.65776648018,,,3806.65776648018,0,,,,,0.070555336914276,,,,,,,,,,,,,,,0,0,0,238.070265238364,0,0,1,74.3745815113614,0.649200356659907,stochastic_tm0.9834_qd38.95,34.8225588574424,0,1.23957635852269,0,36.0621352159651,43067.5641333356,1196,1196,598,1196,598,1196,1,0,23,2,1196,1374,cube,87.3348485529527,100,2,13,0.904115128221069,3x2,2,24,16,6,35880,53952796.9529113,2227.7921938031,3315.09355279827,136.885202542822,4221.2635118135,2089.35353144654,2421.2635118135,1800,0,74.3745815113614,142.535398855598,0,3,3,0,0,0,0.0185347202828572,0.0614443317126192,,,,OK,outputs/distribution/local_chunked_run/phase2/chunk_04/diesel/pair_DISTRIBUTION_DAVIS_diesel_seed_4607/summaries.csv,diesel,ok,36.0621352159651
DISTRIBUTION_DAVIS_diesel_seed_4607,DISTRIBUTION_DAVIS_diesel_refrigerated_factory_set_stochastic_4607,distribution_davis_prod_diesel_chunk_4,DISTRIBUTION_DAVIS,stochastic,TRUE,FACILITY_REFRIG_ENNIS,,outbound,discrete_4_5_6_centered_5,derived_from_unit_dims_and_pack_pattern,full_truckload,summary_only,measured_primary_excludes_secondary,medium,Primary package mass measured at 29 g/package (sensitivity 27-31 g/package). Secondary cardboard box mass is unmeasured and kept separate (not added to measured primary assumption).,refrigerated,refrigerated_factory_set,77d76aed2cedb894eabb52e1f4bb2f347c5c2d411a5b10d914f2b3b710d3b42f,,TRUE,,,,,,,,,outbound,1787.16634525737,4178.38568001588,4243.62510662524,4243.62510662524,,,3912.47900854414,331.1460980811,,,,,0.665937761091968,,,,,,,,,,,,,,,0,0,0,248.490290819627,32.4971636978508,0,1,107.769981878047,1.0032232492671,stochastic_tm0.9834_qd38.95,36.3466969254041,0.354022892607196,1.44214347202692,0,38.1428632900382,43067.5641333356,1300,1300,260,1300,260,1300,1,0,10,5,1300,8862,cube,16.7026992778622,100,2,6,0.904366082508967,3x2,2,23.4864,17.8976,11.1456,5850,6372404.98221152,778.413352267124,2401.49541527613,293.351741120896,4346.1071962579,2202.04318908068,2546.1071962579,1800,0,86.5286083216153,142.535398855598,21.2413735564318,3,3,0,0,0,0.156926623902826,0.376858567837398,,,,OK,outputs/distribution/local_chunked_run/phase2/chunk_04/diesel/pair_DISTRIBUTION_DAVIS_diesel_seed_4607/summaries.csv,diesel,ok,38.1428632900382
DISTRIBUTION_DAVIS_diesel_seed_4608,DISTRIBUTION_DAVIS_diesel_dry_factory_set_stochastic_4608,distribution_davis_prod_diesel_chunk_5,DISTRIBUTION_DAVIS,stochastic,FALSE,FACILITY_DRY_TOPEKA,,outbound,fixed_2,fixed_carton_dims_24x16x6,full_truckload,summary_only,measured_primary,medium,Primary package mass measured at 165.3 g for a 13.6 kg bag (fraction 0.0121). Primary packaging only; pallet and secondary shipping packaging remain separate assumptions.,dry,dry_factory_set,6b88a97d8f305b6b031d969855c6487a8bff10cadafd6ed6940f2fa0c11c1138,,TRUE,,,,,,,,,outbound,1712.2245075939,3923.47210928599,3846.55400579221,3846.55400579221,,,3846.55400579221,0,,,,,0.0780577236524681,,,,,,,,,,,,,,,0,0,0,241.971268873099,0,0,1,59.3315468663082,0.489877685764909,stochastic_tm1.0408_qd12.63,32.9026725784727,0.279371085093798,0.709488029344672,0,33.8915316929112,41074.6730106577,1248,1248,624,1248,624,1248,1,0,24,2,1248,1305,cube,95.7198099503355,100,2,13,0.931701289419662,3x2,2,24,16,6,37440,49278326.6767809,2743.64845457065,2901.71244013048,161.55741050606,4023.54055044485,1990.92261981399,2223.54055044484,1800,0,42.5692817606803,75.048648870174,16.7622651056279,3,3,0,0,0,0.0202928968460932,0.0588841512245934,,,,OK,outputs/distribution/local_chunked_run/phase2/chunk_05/diesel/pair_DISTRIBUTION_DAVIS_diesel_seed_4608/summaries.csv,diesel,ok,33.8915316929112
DISTRIBUTION_DAVIS_diesel_seed_4608,DISTRIBUTION_DAVIS_diesel_refrigerated_factory_set_stochastic_4608,distribution_davis_prod_diesel_chunk_5,DISTRIBUTION_DAVIS,stochastic,TRUE,FACILITY_REFRIG_ENNIS,,outbound,discrete_4_5_6_centered_5,derived_from_unit_dims_and_pack_pattern,full_truckload,summary_only,measured_primary_excludes_secondary,medium,Primary package mass measured at 29 g/package (sensitivity 27-31 g/package). Secondary cardboard box mass is unmeasured and kept separate (not added to measured primary assumption).,refrigerated,refrigerated_factory_set,77d76aed2cedb894eabb52e1f4bb2f347c5c2d411a5b10d914f2b3b710d3b42f,,TRUE,,,,,,,,,outbound,1787.16634525737,4006.32835184733,4269.16707811014,4269.16707811014,,,3953.64264862484,315.524429485295,,,,,0.488226518343653,,,,,,,,,,,,,,,0,0,0,252.56203630499,30.9641245814814,0,1,55.9374245464108,0.467420135922357,stochastic_tm1.0408_qd12.63,34.3427797233795,0.256913535251246,0.675376873855601,0,35.2750701324863,41074.6730106577,1560,1560,260,1560,260,1560,1,0,10,6,1560,8594,cube,20.2663839970245,100,2,6,0.863272640165312,3x2,2,23.4864,17.8976,11.1456,7020,8744234.32097385,910.827324137082,2746.11635253069,286.044234101225,4106.55285681936,2075.98159551785,2306.55285681935,1800,0,40.5226124313361,75.048648870174,15.4148121150748,3,3,0,0,0,0.114361070768816,0.314048806531165,,,,OK,outputs/distribution/local_chunked_run/phase2/chunk_05/diesel/pair_DISTRIBUTION_DAVIS_diesel_seed_4608/summaries.csv,diesel,ok,35.2750701324863
DISTRIBUTION_DAVIS_diesel_seed_4609,DISTRIBUTION_DAVIS_diesel_dry_factory_set_stochastic_4609,distribution_davis_prod_diesel_chunk_5,DISTRIBUTION_DAVIS,stochastic,FALSE,FACILITY_DRY_TOPEKA,,outbound,fixed_2,fixed_carton_dims_24x16x6,full_truckload,summary_only,measured_primary,medium,Primary package mass measured at 165.3 g for a 13.6 kg bag (fraction 0.0121). Primary packaging only; pallet and secondary shipping packaging remain separate assumptions.,dry,dry_factory_set,6b88a97d8f305b6b031d969855c6487a8bff10cadafd6ed6940f2fa0c11c1138,,TRUE,,,,,,,,,outbound,1712.2245075939,4092.87237338225,3813.78879974733,3813.78879974733,,,3813.78879974733,0,,,,,0.0745163579911424,,,,,,,,,,,,,,,0,0,0,238.809293768946,0,0,1,41.7586017966029,0.0993276338645014,stochastic_tm0.9507_qd5.96,36.0189239755741,0,0.695976696610049,0,36.7149006721842,41928.7415675008,1196,1196,598,1196,598,1196,1,0,23,2,1196,1332,cube,90.0581002418276,100,2,13,0.898173780583355,2x3,3,24,16,6,35880,51180558.2366313,2435.08157768358,3144.7551975286,149.621960206478,4246.84728225185,2161.13543853445,2446.84728225185,1800,0,41.7586017966029,128.953241920802,0,3,3,0,0,0,0.0195386692614125,0.0614443317126192,,,,OK,outputs/distribution/local_chunked_run/phase2/chunk_05/diesel/pair_DISTRIBUTION_DAVIS_diesel_seed_4609/summaries.csv,diesel,ok,36.7149006721842
DISTRIBUTION_DAVIS_diesel_seed_4609,DISTRIBUTION_DAVIS_diesel_refrigerated_factory_set_stochastic_4609,distribution_davis_prod_diesel_chunk_5,DISTRIBUTION_DAVIS,stochastic,TRUE,FACILITY_REFRIG_ENNIS,,outbound,discrete_4_5_6_centered_5,derived_from_unit_dims_and_pack_pattern,full_truckload,summary_only,measured_primary_excludes_secondary,medium,Primary package mass measured at 29 g/package (sensitivity 27-31 g/package). Secondary cardboard box mass is unmeasured and kept separate (not added to measured primary assumption).,refrigerated,refrigerated_factory_set,77d76aed2cedb894eabb52e1f4bb2f347c5c2d411a5b10d914f2b3b710d3b42f,,TRUE,,,,,,,,,outbound,1787.16634525737,4201.52588756879,4214.21822801848,4214.21822801848,,,3920.07573180374,294.142496214745,,,,,0.569211229281304,,,,,,,,,,,,,,,0,0,0,249.261665666898,28.8657994322615,0,1,55.9928757674047,0.0993276338645014,stochastic_tm0.9507_qd5.96,37.5954253872864,0,0.933214596123412,0,38.5286399834098,41928.7415675008,1560,1560,260,1560,260,1560,1,0,10,6,1560,8621,cube,20.3552000134778,100,2,6,0.889202472682861,2x3,3,17.8976,23.4864,11.1456,7020,7403610.48979906,763.137854568314,2325.09503834301,239.662532445933,4355.6716409254,2255.7255232372,2555.6716409254,1800,0,55.9928757674047,128.953241920802,0,3,3,0,0,0,0.135069234311804,0.314048806531165,,,,OK,outputs/distribution/local_chunked_run/phase2/chunk_05/diesel/pair_DISTRIBUTION_DAVIS_diesel_seed_4609/summaries.csv,diesel,ok,38.5286399834098
DISTRIBUTION_DAVIS_diesel_seed_4610,DISTRIBUTION_DAVIS_diesel_dry_factory_set_stochastic_4610,distribution_davis_prod_diesel_chunk_6,DISTRIBUTION_DAVIS,stochastic,FALSE,FACILITY_DRY_TOPEKA,,outbound,fixed_2,fixed_carton_dims_24x16x6,full_truckload,summary_only,measured_primary,medium,Primary package mass measured at 165.3 g for a 13.6 kg bag (fraction 0.0121). Primary packaging only; pallet and secondary shipping packaging remain separate assumptions.,dry,dry_factory_set,6b88a97d8f305b6b031d969855c6487a8bff10cadafd6ed6940f2fa0c11c1138,,TRUE,,,,,,,,,outbound,1712.2245075939,3936.18456729651,4032.30570200454,4032.30570200454,,,4032.30570200454,0,,,,,0.0745982980178244,,,,,,,,,,,,,,,0,0,0,260.276675503655,0,0,1,60.2026924375794,0.299007076248229,stochastic_tm1.0346_qd17.94,33.1000297613305,0,1.00337820729299,0,34.1034079686234,43325.483801445,1248,1248,624,1248,624,1248,1,0,24,2,1248,1371,cube,91.2854060613267,100,2,13,0.947380335417198,3x2,2,24,16,6,37440,54053588.475183,2097.68912739186,3182.89967800461,123.520643799528,4025.8722522072,1986.00178567982,2225.8722522072,1800,0,60.2026924375794,64.6677740898063,0,3,3,0,0,0,0.0185001593457411,0.0588841512245934,,,,OK,outputs/distribution/local_chunked_run/phase2/chunk_06/diesel/pair_DISTRIBUTION_DAVIS_diesel_seed_4610/summaries.csv,diesel,ok,34.1034079686234
DISTRIBUTION_DAVIS_diesel_seed_4610,DISTRIBUTION_DAVIS_diesel_refrigerated_factory_set_stochastic_4610,distribution_davis_prod_diesel_chunk_6,DISTRIBUTION_DAVIS,stochastic,TRUE,FACILITY_REFRIG_ENNIS,,outbound,discrete_4_5_6_centered_5,derived_from_unit_dims_and_pack_pattern,full_truckload,summary_only,measured_primary_excludes_secondary,medium,Primary package mass measured at 29 g/package (sensitivity 27-31 g/package). Secondary cardboard box mass is unmeasured and kept separate (not added to measured primary assumption).,refrigerated,refrigerated_factory_set,77d76aed2cedb894eabb52e1f4bb2f347c5c2d411a5b10d914f2b3b710d3b42f,,TRUE,,,,,,,,,outbound,1787.16634525737,4017.19907053312,4422.06235133468,4422.06235133468,,,4148.37628347266,273.686067862013,,,,,0.765658815788648,,,,,,,,,,,,,,,0,0,0,271.668646753145,26.8582991032398,0,1,54.4494829999113,0.299007076248229,stochastic_tm1.0346_qd17.94,34.5487749732042,0,0.907491383331855,0,35.456266356536,43325.483801445,1300,1300,260,1300,260,1300,1,0,10,5,1300,8940,cube,16.9879944453017,100,2,6,0.911861784844096,3x2,2,23.4864,17.8976,11.1456,5850,5775499.81812701,605.821566867053,2176.5465900045,228.309048054526,4107.04375548197,2072.92649839226,2307.04375548197,1800,0,54.4494829999113,64.6677740898063,0,3,3,0,0,0,0.173145187687721,0.376858567837398,,,,OK,outputs/distribution/local_chunked_run/phase2/chunk_06/diesel/pair_DISTRIBUTION_DAVIS_diesel_seed_4610/summaries.csv,diesel,ok,35.456266356536
DISTRIBUTION_DAVIS_diesel_seed_4611,DISTRIBUTION_DAVIS_diesel_dry_factory_set_stochastic_4611,distribution_davis_prod_diesel_chunk_6,DISTRIBUTION_DAVIS,stochastic,FALSE,FACILITY_DRY_TOPEKA,,outbound,fixed_2,fixed_carton_dims_24x16x6,full_truckload,summary_only,measured_primary,medium,Primary package mass measured at 165.3 g for a 13.6 kg bag (fraction 0.0121). Primary packaging only; pallet and secondary shipping packaging remain separate assumptions.,dry,dry_factory_set,6b88a97d8f305b6b031d969855c6487a8bff10cadafd6ed6940f2fa0c11c1138,,TRUE,,,,,,,,,outbound,1712.2245075939,4070.49269313415,4104.84172582259,4104.84172582259,,,4104.84172582259,0,,,,,0.0852667968252872,,,,,,,,,,,,,,,0,0,0,267.399291138796,0,0,1,89.8806371544256,0.863211093105483,stochastic_tm0.9828_qd16.40,34.8438836005227,0.589818851584643,0.908191767655785,0,36.3418942197631,44306.0292273322,1196,1196,598,1196,598,1196,1,0,23,2,1196,1415,cube,84.8626349573222,100,2,13,0.912740690999625,3x2,2,24,16,6,35880,48141150.81904,2649.33446043618,2958.00083995232,162.786585404714,4201.0828342065,2126.02214712644,2401.0828342065,1800,0,54.4915060593471,105.569181020709,35.3891310950786,3,3,0,0,0,0.0207722495824611,0.0614443317126192,,,,OK,outputs/distribution/local_chunked_run/phase2/chunk_06/diesel/pair_DISTRIBUTION_DAVIS_diesel_seed_4611/summaries.csv,diesel,ok,36.3418942197631
DISTRIBUTION_DAVIS_diesel_seed_4611,DISTRIBUTION_DAVIS_diesel_refrigerated_factory_set_stochastic_4611,distribution_davis_prod_diesel_chunk_6,DISTRIBUTION_DAVIS,stochastic,TRUE,FACILITY_REFRIG_ENNIS,,outbound,discrete_4_5_6_centered_5,derived_from_unit_dims_and_pack_pattern,full_truckload,summary_only,measured_primary_excludes_secondary,medium,Primary package mass measured at 29 g/package (sensitivity 27-31 g/package). Secondary cardboard box mass is unmeasured and kept separate (not added to measured primary assumption).,refrigerated,refrigerated_factory_set,77d76aed2cedb894eabb52e1f4bb2f347c5c2d411a5b10d914f2b3b710d3b42f,,TRUE,,,,,,,,,outbound,1787.16634525737,4161.25771426757,5919.22198669983,5919.22198669983,,,5606.07917682337,313.142809876463,,,,,1.26069020483559,,,,,,,,,,,,,,,0,0,0,279.103010002164,30.7304033244812,0,2,89.3066439823596,0.27339224152084,stochastic_tm0.9828_qd16.40,36.3689550247278,0,1.48844406637266,0,37.8573990911004,44306.0292273322,1040,1040,260,1040,260,1040,1,0,10,4,1040,9081,cube,13.6693142603579,100,2,6,0.910219417980445,3x2,2,23.4864,17.8976,11.1456,4680,4695223.27055104,501.478727942154,2211.79389677086,236.2331940165,4292.01312648674,2182.13730148367,2492.01312648674,1800,0,89.3066439823596,105.569181020709,0,3,3,0,0,0,0.212982416889972,0.471073209796747,,,,OK,outputs/distribution/local_chunked_run/phase2/chunk_06/diesel/pair_DISTRIBUTION_DAVIS_diesel_seed_4611/summaries.csv,diesel,ok,37.8573990911004
DISTRIBUTION_DAVIS_diesel_seed_4612,DISTRIBUTION_DAVIS_diesel_dry_factory_set_stochastic_4612,distribution_davis_prod_diesel_chunk_7,DISTRIBUTION_DAVIS,stochastic,FALSE,FACILITY_DRY_TOPEKA,,outbound,fixed_2,fixed_carton_dims_24x16x6,full_truckload,summary_only,measured_primary,medium,Primary package mass measured at 165.3 g for a 13.6 kg bag (fraction 0.0121). Primary packaging only; pallet and secondary shipping packaging remain separate assumptions.,dry,dry_factory_set,6b88a97d8f305b6b031d969855c6487a8bff10cadafd6ed6940f2fa0c11c1138,,TRUE,,,,,,,,,outbound,1712.2245075939,3986.03032089869,3765.66742250323,3765.66742250323,,,3765.66742250323,0,,,,,0.0692099094729584,,,,,,,,,,,,,,,0,0,0,233.77144368752,0,0,1,49.9972125037154,0.180302268159914,stochastic_tm1.0042_qd10.82,34.1008936922385,0,0.833286875061924,0,34.9341805673004,42737.5300413672,1196,1196,598,1196,598,1196,1,0,23,2,1196,1358,cube,88.3234695488651,100,2,13,0.91168928482322,3x2,2,24,16,6,35880,54409367.8373405,2670.80799879968,3343.14724567146,164.106012618964,4054.49008003102,2046.05362153431,2254.49008003102,1800,0,49.9972125037154,43.4392459929947,0,3,3,0,0,0,0.0183791879918464,0.0614443317126192,,,,OK,outputs/distribution/local_chunked_run/phase2/chunk_07/diesel/pair_DISTRIBUTION_DAVIS_diesel_seed_4612/summaries.csv,diesel,ok,34.9341805673004
DISTRIBUTION_DAVIS_diesel_seed_4612,DISTRIBUTION_DAVIS_diesel_refrigerated_factory_set_stochastic_4612,distribution_davis_prod_diesel_chunk_7,DISTRIBUTION_DAVIS,stochastic,TRUE,FACILITY_REFRIG_ENNIS,,outbound,discrete_4_5_6_centered_5,derived_from_unit_dims_and_pack_pattern,full_truckload,summary_only,measured_primary_excludes_secondary,medium,Primary package mass measured at 29 g/package (sensitivity 27-31 g/package). Secondary cardboard box mass is unmeasured and kept separate (not added to measured primary assumption).,refrigerated,refrigerated_factory_set,77d76aed2cedb894eabb52e1f4bb2f347c5c2d411a5b10d914f2b3b710d3b42f,,TRUE,,,,,,,,,outbound,1787.16634525737,4104.54190845092,4211.88494534493,4211.88494534493,,,3868.24406272017,343.640882624758,,,,,0.78328026229371,,,,,,,,,,,,,,,0,0,0,244.003315445858,33.7233447129301,0,1,79.1174437694106,0.738399936517907,stochastic_tm1.0042_qd10.82,35.5934454154087,0.558097668357993,0.760526394465518,0,36.9120694782322,42737.5300413672,1300,1300,260,1300,260,1300,1,0,10,5,1300,8809,cube,16.6522036218454,100,2,6,0.912666732773728,3x2,2,23.4864,17.8976,11.1456,5850,5377238.70765121,620.50182815881,2026.45847828525,233.841430300416,4173.16341468692,2169.09258502599,2373.16341468692,1800,0,45.6315836679311,43.4392459929947,33.4858601014796,3,3,0,0,0,0.185969054819365,0.376858567837398,,,,OK,outputs/distribution/local_chunked_run/phase2/chunk_07/diesel/pair_DISTRIBUTION_DAVIS_diesel_seed_4612/summaries.csv,diesel,ok,36.9120694782322
DISTRIBUTION_DAVIS_diesel_seed_4613,DISTRIBUTION_DAVIS_diesel_dry_factory_set_stochastic_4613,distribution_davis_prod_diesel_chunk_7,DISTRIBUTION_DAVIS,stochastic,FALSE,FACILITY_DRY_TOPEKA,,outbound,fixed_2,fixed_carton_dims_24x16x6,full_truckload,summary_only,measured_primary,medium,Primary package mass measured at 165.3 g for a 13.6 kg bag (fraction 0.0121). Primary packaging only; pallet and secondary shipping packaging remain separate assumptions.,dry,dry_factory_set,6b88a97d8f305b6b031d969855c6487a8bff10cadafd6ed6940f2fa0c11c1138,,TRUE,,,,,,,,,outbound,1712.2245075939,4189.80053106546,3706.41012237515,3706.41012237515,,,3706.41012237515,0,,,,,0.0671196830755092,,,,,,,,,,,,,,,0,0,0,228.262753993033,0,0,1,100.567571375492,0.977587397161511,stochastic_tm0.9343_qd27.28,36.6542501485176,0.522905259206004,1.15322093038553,0,38.3303763381092,39066.1301324162,1234,1234,617,1234,617,1234,1,0,24,2,1248,1234,weight,99.9296225096161,98.8782051282051,2,13,0.931601347288422,5x1,1,24,16,6,37020,55220912.1459269,2156.82761146352,3288.52706958494,128.443839645072,4347.70929695417,2230.62932446343,2547.70929695417,1800,0,69.1932558231321,132.886716667608,31.3743155523602,3,3,0,0,0,0.0181090815261689,0.0595522048041268,,,,OK,outputs/distribution/local_chunked_run/phase2/chunk_07/diesel/pair_DISTRIBUTION_DAVIS_diesel_seed_4613/summaries.csv,diesel,ok,38.3303763381092
DISTRIBUTION_DAVIS_diesel_seed_4613,DISTRIBUTION_DAVIS_diesel_refrigerated_factory_set_stochastic_4613,distribution_davis_prod_diesel_chunk_7,DISTRIBUTION_DAVIS,stochastic,TRUE,FACILITY_REFRIG_ENNIS,,outbound,discrete_4_5_6_centered_5,derived_from_unit_dims_and_pack_pattern,full_truckload,summary_only,measured_primary_excludes_secondary,medium,Primary package mass measured at 29 g/package (sensitivity 27-31 g/package). Secondary cardboard box mass is unmeasured and kept separate (not added to measured primary assumption).,refrigerated,refrigerated_factory_set,77d76aed2cedb894eabb52e1f4bb2f347c5c2d411a5b10d914f2b3b710d3b42f,,TRUE,,,,,,,,,outbound,1787.16634525737,4251.30897108317,4185.02537508104,4185.02537508104,,,3808.47078362313,376.554591457912,,,,,0.556922966082912,,,,,,,,,,,,,,,0,0,0,238.25351757485,36.9533455797755,0,1,65.9913406398049,0.454682137955507,stochastic_tm0.9343_qd27.28,38.2585589597299,0,1.09985567733008,0,39.35841463706,39066.1301324162,2184,2184,546,2184,546,2184,1,0,21,4,2184,7955,cube,29.4796307987708,100,4,6,0.915278328174303,5x1,1,39.144,8.9488,11.1456,9828,7514549.82098547,813.738467021803,1685.66814492819,182.538281711926,4409.3915948912,2295.51353758379,2609.3915948912,1800,0,65.9913406398049,132.886716667608,0,3,3,0,0,0,0.133075170678536,0.224320576093689,,,,OK,outputs/distribution/local_chunked_run/phase2/chunk_07/diesel/pair_DISTRIBUTION_DAVIS_diesel_seed_4613/summaries.csv,diesel,ok,39.35841463706
DISTRIBUTION_DAVIS_diesel_seed_4614,DISTRIBUTION_DAVIS_diesel_dry_factory_set_stochastic_4614,distribution_davis_prod_diesel_chunk_8,DISTRIBUTION_DAVIS,stochastic,FALSE,FACILITY_DRY_TOPEKA,,outbound,fixed_2,fixed_carton_dims_24x16x6,full_truckload,summary_only,measured_primary,medium,Primary package mass measured at 165.3 g for a 13.6 kg bag (fraction 0.0121). Primary packaging only; pallet and secondary shipping packaging remain separate assumptions.,dry,dry_factory_set,6b88a97d8f305b6b031d969855c6487a8bff10cadafd6ed6940f2fa0c11c1138,,TRUE,,,,,,,,,outbound,1712.2245075939,3261.82365464767,3936.30534241398,3936.30534241398,,,3936.30534241398,0,,,,,0.0740829517132557,,,,,,,,,,,,,,,0,0,0,250.790008806603,0,0,1,50.4844178806573,0.17807989177008,stochastic_tm1.0694_qd10.68,32.0226416624795,0,0.841406964677621,0,32.8640486271572,42483.0860211318,1196,1196,598,1196,598,1196,1,0,23,2,1196,1354,cube,88.5882557561752,100,2,13,0.919207755207479,2x3,3,24,16,6,35880,53133754.1415707,2604.93103966203,3264.76801461142,160.058246889492,3357.19672284048,1921.35849974878,2157.19672284048,1200,0,50.4844178806573,70.3538052110498,0,3,2,0,0,0,0.0188204281093254,0.0614443317126192,,,,OK,outputs/distribution/local_chunked_run/phase2/chunk_08/diesel/pair_DISTRIBUTION_DAVIS_diesel_seed_4614/summaries.csv,diesel,ok,32.8640486271572
DISTRIBUTION_DAVIS_diesel_seed_4614,DISTRIBUTION_DAVIS_diesel_refrigerated_factory_set_stochastic_4614,distribution_davis_prod_diesel_chunk_8,DISTRIBUTION_DAVIS,stochastic,TRUE,FACILITY_REFRIG_ENNIS,,outbound,discrete_4_5_6_centered_5,derived_from_unit_dims_and_pack_pattern,full_truckload,summary_only,measured_primary_excludes_secondary,medium,Primary package mass measured at 29 g/package (sensitivity 27-31 g/package). Secondary cardboard box mass is unmeasured and kept separate (not added to measured primary assumption).,refrigerated,refrigerated_factory_set,77d76aed2cedb894eabb52e1f4bb2f347c5c2d411a5b10d914f2b3b710d3b42f,,TRUE,,,,,,,,,outbound,1787.16634525737,3954.83979151646,4246.09932416254,4246.09932416254,,,4048.11224263063,197.987081531911,,,,,0.738717484043546,,,,,,,,,,,,,,,0,0,0,261.76676100484,19.4295467646625,0,1,59.5570840209794,0.512450190325047,stochastic_tm1.0694_qd10.68,33.4242309998483,0.334370298554967,0.658247768461356,0,34.4168490668646,42483.0860211318,1560,1560,260,1560,260,1560,1,0,10,6,1560,8945,cube,19.325848476768,100,2,6,0.876735687769232,2x3,3,17.8976,23.4864,11.1456,7020,5747933.97459676,628.995285574635,1805.13180474205,197.535218748443,4050.36474922292,2025.51607790419,2250.36474922292,1800,0,39.4948661076813,70.3538052110498,20.062217913298,3,3,0,0,0,0.173975554419995,0.314048806531165,,,,OK,outputs/distribution/local_chunked_run/phase2/chunk_08/diesel/pair_DISTRIBUTION_DAVIS_diesel_seed_4614/summaries.csv,diesel,ok,34.4168490668646
DISTRIBUTION_DAVIS_diesel_seed_4615,DISTRIBUTION_DAVIS_diesel_dry_factory_set_stochastic_4615,distribution_davis_prod_diesel_chunk_8,DISTRIBUTION_DAVIS,stochastic,FALSE,FACILITY_DRY_TOPEKA,,outbound,fixed_2,fixed_carton_dims_24x16x6,full_truckload,summary_only,measured_primary,medium,Primary package mass measured at 165.3 g for a 13.6 kg bag (fraction 0.0121). Primary packaging only; pallet and secondary shipping packaging remain separate assumptions.,dry,dry_factory_set,6b88a97d8f305b6b031d969855c6487a8bff10cadafd6ed6940f2fa0c11c1138,,TRUE,,,,,,,,,outbound,1712.2245075939,4117.0963953495,3842.56698527491,3842.56698527491,,,3842.56698527491,0,,,,,0.0732691534029414,,,,,,,,,,,,,,,0,0,0,241.656076325661,0,0,1,69.5000669711997,0.568096440128771,stochastic_tm0.9523_qd10.03,35.9602993369869,0.400949908746901,0.757384540773094,0,37.1186337865069,39599.9384902178,1196,1196,598,1196,598,1196,1,0,23,2,1196,1249,cube,95.8746374081462,100,2,13,0.885293753201739,3x2,2,24,16,6,35880,52444539.1656545,2418.55900851389,3222.41966100992,148.606741985671,4286.71430883647,2181.674954744,2486.71430883646,1800,0,45.4430724463857,144.596281646076,24.0569945248141,3,3,0,0,0,0.019067762171412,0.0614443317126192,,,,OK,outputs/distribution/local_chunked_run/phase2/chunk_08/diesel/pair_DISTRIBUTION_DAVIS_diesel_seed_4615/summaries.csv,diesel,ok,37.1186337865069
DISTRIBUTION_DAVIS_diesel_seed_4615,DISTRIBUTION_DAVIS_diesel_refrigerated_factory_set_stochastic_4615,distribution_davis_prod_diesel_chunk_8,DISTRIBUTION_DAVIS,stochastic,TRUE,FACILITY_REFRIG_ENNIS,,outbound,discrete_4_5_6_centered_5,derived_from_unit_dims_and_pack_pattern,full_truckload,summary_only,measured_primary_excludes_secondary,medium,Primary package mass measured at 29 g/package (sensitivity 27-31 g/package). Secondary cardboard box mass is unmeasured and kept separate (not added to measured primary assumption).,refrigerated,refrigerated_factory_set,77d76aed2cedb894eabb52e1f4bb2f347c5c2d411a5b10d914f2b3b710d3b42f,,TRUE,,,,,,,,,outbound,1787.16634525737,4214.44566475153,4331.50812811277,4331.50812811277,,,3950.54957588563,380.958552227144,,,,,0.661908576524478,,,,,,,,,,,,,,,0,0,0,252.23304819008,37.3855301498669,0,1,72.5837736451352,0.686899241455194,stochastic_tm0.9523_qd10.03,37.5342348245877,0.519752710073324,0.68997685067893,0,38.7439643853399,39599.9384902178,1430,1430,286,1430,286,1430,1,0,11,5,1430,8120,cube,20.0387163043371,100,2,6,0.920874100601671,3x2,2,23.4864,17.8976,11.1456,6435,6543967.3721354,728.320488040751,2241.95470167055,249.521650954247,4384.23414476647,2283.23925207966,2584.23414476647,1800,0,41.3986110407358,144.596281646076,31.1851626043994,3,3,0,0,0,0.152812497852306,0.342598698033998,,,,OK,outputs/distribution/local_chunked_run/phase2/chunk_08/diesel/pair_DISTRIBUTION_DAVIS_diesel_seed_4615/summaries.csv,diesel,ok,38.7439643853399
DISTRIBUTION_DAVIS_diesel_seed_4616,DISTRIBUTION_DAVIS_diesel_dry_factory_set_stochastic_4616,distribution_davis_prod_diesel_chunk_9,DISTRIBUTION_DAVIS,stochastic,FALSE,FACILITY_DRY_TOPEKA,,outbound,fixed_2,fixed_carton_dims_24x16x6,full_truckload,summary_only,measured_primary,medium,Primary package mass measured at 165.3 g for a 13.6 kg bag (fraction 0.0121). Primary packaging only; pallet and secondary shipping packaging remain separate assumptions.,dry,dry_factory_set,6b88a97d8f305b6b031d969855c6487a8bff10cadafd6ed6940f2fa0c11c1138,,TRUE,,,,,,,,,outbound,1712.2245075939,4067.62494618098,3788.5561959677,3788.5561959677,,,3788.5561959677,0,,,,,0.0759500346675397,,,,,,,,,,,,,,,0,0,0,236.305623827437,0,0,1,43.2212537047198,0.179690964198795,stochastic_tm0.9626_qd10.78,35.5737515270185,0,0.720354228411997,0,36.2941057554305,43439.1255313766,1248,1248,624,1248,624,1248,1,0,24,2,1248,1384,cube,90.3616159102588,100,2,13,0.92648864223726,3x2,2,24,16,6,37440,49882218.1260556,2586.34171464226,2937.27207555281,152.294536643469,4197.59515964573,2134.42509162109,2397.59515964573,1800,0,43.2212537047198,104.948814319915,0,3,3,0,0,0,0.0200472239921837,0.0588841512245934,,,,OK,outputs/distribution/local_chunked_run/phase2/chunk_09/diesel/pair_DISTRIBUTION_DAVIS_diesel_seed_4616/summaries.csv,diesel,ok,36.2941057554305
DISTRIBUTION_DAVIS_diesel_seed_4616,DISTRIBUTION_DAVIS_diesel_refrigerated_factory_set_stochastic_4616,distribution_davis_prod_diesel_chunk_9,DISTRIBUTION_DAVIS,stochastic,TRUE,FACILITY_REFRIG_ENNIS,,outbound,discrete_4_5_6_centered_5,derived_from_unit_dims_and_pack_pattern,full_truckload,summary_only,measured_primary_excludes_secondary,medium,Primary package mass measured at 29 g/package (sensitivity 27-31 g/package). Secondary cardboard box mass is unmeasured and kept separate (not added to measured primary assumption).,refrigerated,refrigerated_factory_set,77d76aed2cedb894eabb52e1f4bb2f347c5c2d411a5b10d914f2b3b710d3b42f,,TRUE,,,,,,,,,outbound,1787.16634525737,4208.01788723469,4199.8536078705,4199.8536078705,,,3893.48239340527,306.371214465228,,,,,0.598545659551112,,,,,,,,,,,,,,,0,0,0,246.648413351416,30.0658699180793,0,1,90.3619202217904,0.807091185628732,stochastic_tm0.9626_qd10.78,37.1307683201984,0.627400221429937,0.878631782266569,0,38.6368003238949,43439.1255313766,1716,1716,286,1716,286,1716,1,0,11,6,1716,9140,cube,20.7571540503119,100,2,6,0.919319596344149,3x2,2,23.4864,17.8976,11.1456,7722,7016763.95251156,774.010229721795,2003.27849545196,220.979080806402,4338.15683375362,2265.49011249771,2538.15683375362,1800,0,52.7179069359942,104.948814319915,37.6440132857963,3,3,0,0,0,0.14251583874958,0.285498915028331,,,,OK,outputs/distribution/local_chunked_run/phase2/chunk_09/diesel/pair_DISTRIBUTION_DAVIS_diesel_seed_4616/summaries.csv,diesel,ok,38.6368003238949
DISTRIBUTION_DAVIS_diesel_seed_4617,DISTRIBUTION_DAVIS_diesel_dry_factory_set_stochastic_4617,distribution_davis_prod_diesel_chunk_9,DISTRIBUTION_DAVIS,stochastic,FALSE,FACILITY_DRY_TOPEKA,,outbound,fixed_2,fixed_carton_dims_24x16x6,full_truckload,summary_only,measured_primary,medium,Primary package mass measured at 165.3 g for a 13.6 kg bag (fraction 0.0121). Primary packaging only; pallet and secondary shipping packaging remain separate assumptions.,dry,dry_factory_set,6b88a97d8f305b6b031d969855c6487a8bff10cadafd6ed6940f2fa0c11c1138,,TRUE,,,,,,,,,outbound,1712.2245075939,4179.04111031691,3859.2617366138,3859.2617366138,,,3859.2617366138,0,,,,,0.0791307743142685,,,,,,,,,,,,,,,0,0,0,243.302555540452,0,0,1,86.4051904258553,0.874760719330951,stochastic_tm0.9328_qd33.89,36.7109667191487,0.310009508715463,1.13007699838213,0,38.1510532262463,41916.0438360295,1144,1144,572,1144,572,1144,1,0,22,2,1144,1336,cube,85.9807606336988,100,2,13,0.881319878410206,5x1,1,24,16,6,34320,48770680.8135949,2272.70063874572,3132.89470293174,145.992052472872,4290.66769140267,2221.25857367185,2490.66769140267,1800,0,67.8046199029275,86.6044978278928,18.6005705229278,3,3,0,0,0,0.0205041222168309,0.0642372558813746,,,,OK,outputs/distribution/local_chunked_run/phase2/chunk_09/diesel/pair_DISTRIBUTION_DAVIS_diesel_seed_4617/summaries.csv,diesel,ok,38.1510532262463
DISTRIBUTION_DAVIS_diesel_seed_4617,DISTRIBUTION_DAVIS_diesel_refrigerated_factory_set_stochastic_4617,distribution_davis_prod_diesel_chunk_9,DISTRIBUTION_DAVIS,stochastic,TRUE,FACILITY_REFRIG_ENNIS,,outbound,discrete_4_5_6_centered_5,derived_from_unit_dims_and_pack_pattern,full_truckload,summary_only,measured_primary_excludes_secondary,medium,Primary package mass measured at 29 g/package (sensitivity 27-31 g/package). Secondary cardboard box mass is unmeasured and kept separate (not added to measured primary assumption).,refrigerated,refrigerated_factory_set,77d76aed2cedb894eabb52e1f4bb2f347c5c2d411a5b10d914f2b3b710d3b42f,,TRUE,,,,,,,,,outbound,1787.16634525737,4327.9188582023,4205.77733304964,4205.77733304964,,,3967.86536147181,237.911971577823,,,,,0.288434305223589,,,,,,,,,,,,,,,0,0,0,253.951591656657,23.3475928928188,0,1,139.049591964253,1.64645350303324,stochastic_tm0.9328_qd33.89,38.3177579408221,1.08170229241775,1.23579090698647,0,40.6352511402263,41916.0438360295,2600,2600,520,2600,520,2600,1,0,20,5,2600,8640,cube,32.0091043227418,100,4,6,0.868059675651201,5x1,1,39.144,8.9488,11.1456,11700,14581404.6972998,1481.70721783606,2747.56364564095,279.197030034016,4439.71956624145,2363.96761399437,2639.71956624145,1800,0,74.147454419188,86.6044978278928,64.9021375450648,3,3,0,0,0,0.0685804982962431,0.188429283918699,,,,OK,outputs/distribution/local_chunked_run/phase2/chunk_09/diesel/pair_DISTRIBUTION_DAVIS_diesel_seed_4617/summaries.csv,diesel,ok,40.6352511402263
DISTRIBUTION_DAVIS_diesel_seed_4618,DISTRIBUTION_DAVIS_diesel_dry_factory_set_stochastic_4618,distribution_davis_prod_diesel_chunk_10,DISTRIBUTION_DAVIS,stochastic,FALSE,FACILITY_DRY_TOPEKA,,outbound,fixed_2,fixed_carton_dims_24x16x6,full_truckload,summary_only,measured_primary,medium,Primary package mass measured at 165.3 g for a 13.6 kg bag (fraction 0.0121). Primary packaging only; pallet and secondary shipping packaging remain separate assumptions.,dry,dry_factory_set,6b88a97d8f305b6b031d969855c6487a8bff10cadafd6ed6940f2fa0c11c1138,,TRUE,,,,,,,,,outbound,1712.2245075939,4170.99704443216,4004.65045322625,4004.65045322625,,,4004.65045322625,0,,,,,0.0787638750032329,,,,,,,,,,,,,,,0,0,0,257.568907336808,0,0,1,86.5475851413038,1.02594435624799,stochastic_tm0.9363_qd22.41,36.5745243392178,0.65246688560758,0.789992866747484,0,38.0169840915728,43229.0864115177,1196,1196,598,1196,598,1196,1,0,23,2,1196,1379,cube,87.0518451204559,100,2,13,0.919154042180677,3x2,2,24,16,6,35880,50843745.9820492,2869.79466914263,3124.05999363318,176.332615597906,4276.52328354557,2233.61947348953,2476.52328354557,1800,0,47.399572004849,80.5042380511949,39.1480131364548,3,3,0,0,0,0.0196681023532975,0.0614443317126192,,,,OK,outputs/distribution/local_chunked_run/phase2/chunk_10/diesel/pair_DISTRIBUTION_DAVIS_diesel_seed_4618/summaries.csv,diesel,ok,38.0169840915728
DISTRIBUTION_DAVIS_diesel_seed_4618,DISTRIBUTION_DAVIS_diesel_refrigerated_factory_set_stochastic_4618,distribution_davis_prod_diesel_chunk_10,DISTRIBUTION_DAVIS,stochastic,TRUE,FACILITY_REFRIG_ENNIS,,outbound,discrete_4_5_6_centered_5,derived_from_unit_dims_and_pack_pattern,full_truckload,summary_only,measured_primary_excludes_secondary,medium,Primary package mass measured at 29 g/package (sensitivity 27-31 g/package). Secondary cardboard box mass is unmeasured and kept separate (not added to measured primary assumption).,refrigerated,refrigerated_factory_set,77d76aed2cedb894eabb52e1f4bb2f347c5c2d411a5b10d914f2b3b710d3b42f,,TRUE,,,,,,,,,outbound,1787.16634525737,4233.51848716736,4359.07783617385,4359.07783617385,,,4119.59180335918,239.486032814669,,,,,0.694140872333425,,,,,,,,,,,,,,,0,0,0,268.842363098704,23.5020640642463,0,1,53.1933490440674,0.373477470640406,stochastic_tm0.9363_qd22.41,38.175343655547,0,0.886555817401123,0,39.0618994729482,43229.0864115177,1430,1430,286,1430,286,1430,1,0,11,5,1430,8971,cube,17.9876818358021,100,2,6,0.935022454523703,3x2,2,23.4864,17.8976,11.1456,6435,6279817.26752434,714.049402891011,2151.45721974526,244.632395762414,4339.21820642808,2290.52061933282,2539.21820642808,1800,0,53.1933490440674,80.5042380511949,0,3,3,0,0,0,0.159240302288959,0.342598698033998,,,,OK,outputs/distribution/local_chunked_run/phase2/chunk_10/diesel/pair_DISTRIBUTION_DAVIS_diesel_seed_4618/summaries.csv,diesel,ok,39.0618994729482
DISTRIBUTION_DAVIS_diesel_seed_4619,DISTRIBUTION_DAVIS_diesel_dry_factory_set_stochastic_4619,distribution_davis_prod_diesel_chunk_10,DISTRIBUTION_DAVIS,stochastic,FALSE,FACILITY_DRY_TOPEKA,,outbound,fixed_2,fixed_carton_dims_24x16x6,full_truckload,summary_only,measured_primary,medium,Primary package mass measured at 165.3 g for a 13.6 kg bag (fraction 0.0121). Primary packaging only; pallet and secondary shipping packaging remain separate assumptions.,dry,dry_factory_set,6b88a97d8f305b6b031d969855c6487a8bff10cadafd6ed6940f2fa0c11c1138,,TRUE,,,,,,,,,outbound,1712.2245075939,4063.18999385039,3821.48510453163,3821.48510453163,,,3821.48510453163,0,,,,,0.0692610936822359,,,,,,,,,,,,,,,0,0,0,239.589353826708,0,0,1,59.5434451034253,0.386042925736002,stochastic_tm0.9721_qd23.16,35.2277956635621,0,0.992390751723755,0,36.2201864152859,41733.1434096543,1196,1196,598,1196,598,1196,1,0,23,2,1196,1328,cube,90.2635288040968,100,2,13,0.908935638220652,5x1,1,24,16,6,35880,55175061.5152611,2155.34396152542,3390.19478200787,132.433669326759,4191.87017681132,2113.66773981374,2391.87017681132,1800,0,59.5434451034253,103.658991894151,0,3,3,0,0,0,0.0181241302236411,0.0614443317126192,,,,OK,outputs/distribution/local_chunked_run/phase2/chunk_10/diesel/pair_DISTRIBUTION_DAVIS_diesel_seed_4619/summaries.csv,diesel,ok,36.2201864152859
DISTRIBUTION_DAVIS_diesel_seed_4619,DISTRIBUTION_DAVIS_diesel_refrigerated_factory_set_stochastic_4619,distribution_davis_prod_diesel_chunk_10,DISTRIBUTION_DAVIS,stochastic,TRUE,FACILITY_REFRIG_ENNIS,,outbound,discrete_4_5_6_centered_5,derived_from_unit_dims_and_pack_pattern,full_truckload,summary_only,measured_primary_excludes_secondary,medium,Primary package mass measured at 29 g/package (sensitivity 27-31 g/package). Secondary cardboard box mass is unmeasured and kept separate (not added to measured primary assumption).,refrigerated,refrigerated_factory_set,77d76aed2cedb894eabb52e1f4bb2f347c5c2d411a5b10d914f2b3b710d3b42f,,TRUE,,,,,,,,,outbound,1787.16634525737,4147.17152878443,4301.14216969672,4301.14216969672,,,3928.34483220523,372.797337491486,,,,,0.327311523983333,,,,,,,,,,,,,,,0,0,0,250.07586793788,36.5846258578495,0,1,51.1795868335527,0.386042925736002,stochastic_tm0.9721_qd23.16,36.7696704189764,0,0.852993113892544,0,37.6226635328689,41733.1434096543,2730,2730,546,2730,546,2730,1,0,21,5,2730,8551,cube,33.6598468383975,100,4,6,0.895701357101213,5x1,1,39.144,8.9488,11.1456,12285,13140821.0665865,1504.91739774482,2358.20524160062,270.067150108427,4276.0188038663,2206.18022513859,2476.01880386629,1800,0,51.1795868335527,103.658991894151,0,3,3,0,0,0,0.076098745651649,0.179456460874951,,,,OK,outputs/distribution/local_chunked_run/phase2/chunk_10/diesel/pair_DISTRIBUTION_DAVIS_diesel_seed_4619/summaries.csv,diesel,ok,37.6226635328689
